[
    {
        "id": 1,
        "title": "Python Core",
        "learners": "7.3M"
    },
    {
        "id": 2,
        "title": "C++",
        "learners": "6.1M"
    },
    {
        "id": 3,
        "title": "Java",
        "learners": "4.8M"
    },
    {
        "id": 4,
        "title": "C#",
        "learners": "2.7M"
    },
    {
        "id": 5,
        "title": "JavaScript",
        "learners": "3.6M"
    },
    {
        "id": 6,
        "title": "HTML",
        "learners": "7.8M"
    },
    {
        "id": 7,
        "title": "CSS",
        "learners": "1.9M"
    },
    {
        "id": 8,
        "title": "Responsive Web Design",
        "learners": "77.3K"
    },
    {
        "id": 9,
        "title": "Python for Beginners",
        "learners": "423.7K"
    },
    {
        "id": 10,
        "title": "Python for Data Science",
        "learners": "63.1K"
    },
    {
        "id": 11,
        "title": "SQL",
        "learners": "2.6M"
    },
    {
        "id": 12,
        "title": "Data Science",
        "learners": "633.9K"
    },
    {
        "id": 13,
        "title": "Machine Learning",
        "learners": "764.6K"
    },
    {
        "id": 14,
        "title": "React + Redux",
        "learners": "152.9K"
    },
    {
        "id": 15,
        "title": "Angular + NestJS",
        "learners": "112.6K"
    },
    {
        "id": 16,
        "title": "Intermediate Python",
        "learners": "141.6K"
    },
    {
        "id": 17,
        "title": "Kotlin",
        "learners": "58.7K"
    },
    {
        "id": 18,
        "title": "Go",
        "learners": "32.1K"
    },
    {
        "id": 19,
        "title": "C",
        "learners": "917.0K"
    },
    {
        "id": 20,
        "title": "Python Data Structures",
        "learners": "124.5K"
    },
    {
        "id": 21,
        "title": "PHP",
        "learners": "1.9M"
    },
    {
        "id": 22,
        "title": "Ruby",
        "learners": "599.0K"
    },
    {
        "id": 23,
        "title": "Swift 4",
        "learners": "621.7K"
    },
    {
        "id": 24,
        "title": "jQuery",
        "learners": "616.0K"
    },
    {
        "id": 25,
        "title": "Coding for Marketers",
        "learners": "20.2K"
    }
]